PUBYEAR,n_total_year,is_oa,oa_share,Publisher OA,Repository OA,Proportion of Publisher OA,Proportion of Repository OA
2010,83467,28975,0.3471431823355338,15307,25804,0.1833898426923215,0.30915211999952075
2011,87961,32375,0.36806084514728116,18191,29035,0.20680756244244608,0.3300894714703107
2012,91713,35934,0.3918092309705276,21264,32318,0.23185371757548004,0.3523818869734934
2013,95635,39401,0.4119935170178282,23414,35450,0.24482668479113295,0.37068019030689603
2014,96676,41300,0.42720013240100957,25637,37339,0.26518474078364845,0.38622822624022507
2015,99659,44986,0.4513992715158691,29471,40251,0.295718399743124,0.40388725554139615
2016,103574,50868,0.49112711684399557,34677,44644,0.3348041014154131,0.43103481568733465
2017,106158,53719,0.5060287495996534,36287,47049,0.3418206823790953,0.4431978748657661
2018,107079,54976,0.5134153288693395,38232,47981,0.3570447987000252,0.4480897281446409
