PUBYEAR,n_total_year,is_oa,oa_share
2010,83560,28993,0.3469722355193873
2011,88046,32399,0.36797810235558687
2012,91835,35964,0.3916153971797245
2013,95763,39440,0.41185008823867253
2014,96802,41344,0.4270986136650069
2015,99809,45034,0.4512017954292699
2016,103713,50915,0.4909220637721404
2017,106286,53777,0.5059650377283932
2018,107215,55031,0.5132770601128573
